Pavadinimas,Telefonas,El.pa≈°tas
"Detagama",+37063031777,info@detagama.lt
"Proreta",+37069044090,info@proreta.lt
"Opoltrans",+37069938439,siauliai@opoltrans1.pl
"Autoreka",+37063088088,info@autoreka.lt
"Jupojos Technika",+37061300015,info@jupojostechnika.eu
"Autoarma",+37061040000,order@autoarma.lt
"Skuba",+370415040995,skuba@skuba.lt
"Atvila",+37052402890,info@atvila.lt
"Truck Master",+37041502161,info@truckmaster.lt
"Egrida",+37060348873,info@egrida.lt
"Ferikas",+37068242482,info@ferikas.lt
"Inter Cars",+37052491072,LT.Biuras@intercars.eu
"Derax",+37065675717,raimis@derax.lt