SUVG902,"Gretveja, DE"
SUVG901,"Gretveja, DE"
SUVG805,"Gretveja, DE"
SUVG804,"Gretveja, DE"
SUVG803,"Gretveja, DE"
SUVG802,"Gretveja, DE"
SUVG801,"Gretveja, DE"
SUVG8000,"Gretveja, DE"
SUVG7773,"Gretveja, DE"
SUVG7772,"Gretveja, DE"
SUVG7771,"Gretveja, DE"
SUVG777,"Gretveja, DE"
SUVG7000,"Gretveja, DE"
SUVG69,"Gretveja, DE"
SUVG309,"Gretveja, DE"
SUVG308,"Gretveja, DE"
SUVG307,"Gretveja, DE"
SUVG306,"Gretveja, DE"
SUVG305,"Gretveja, DE"
SUVG303,"Gretveja, DE"
SUVG302,"Gretveja, DE"
SUVG301,"Gretveja, DE"
SUVG222,"Gretveja, DE"
SUVG107,"Gretveja, DE"
SUVG106,"Gretveja, DE"
SUVG105,"Gretveja, DE"
SUVG104,"Gretveja, DE"
NO605AR,Gwind
NO604AR,Gwind
NO452AR,Gwind
NO451AR,Gwind
NO450AR,Gwind
NO096AT,Gwind
NO095AT,Gwind
NO094AT,Gwind
NO092AT,Gwind
NO091AT,UAB Gretvėja
NGD667,UAB Gretvėja
NFI542,UAB Gretvėja
NFI416,UAB Gretvėja
NFI411,UAB Gretvėja
NFI220,UAB Gretvėja
NFI214,UAB Gretvėja
NFI211,UAB Gretvėja
NFI204,UAB Gretvėja
NFI203,UAB Gretvėja
NFI198,UAB Gretvėja
NFI196,UAB Gretvėja
NFI194,UAB Gretvėja
NFH885,UAB Gretvėja
NFH876,UAB Gretvėja
NFH875,UAB Gretvėja
NFE853,UAB Gretvėja
NFE851,UAB Gretvėja
NFE849,UAB Gretvėja
NFE845,UAB Gretvėja
NFE843,UAB Gretvėja
NFE835,UAB Gretvėja
NFE834,UAB Gretvėja
NFE648,UAB Gretvėja
NFE646,UAB Gretvėja
NFE644,UAB Gretvėja
NFE642,UAB Gretvėja
NFE641,UAB Gretvėja
NFE639,UAB Gretvėja
NFE637,UAB Gretvėja
NFE410,UAB Gretvėja
NFE408,UAB Gretvėja
NFE406,UAB Gretvėja
NFE402,UAB Gretvėja
NFE401,UAB Gretvėja
NFE165,UAB Gretvėja
NFE159,UAB Gretvėja
NFE158,UAB Gretvėja
NFD963,UAB Gretvėja
NFD961,UAB Gretvėja
NFD960,UAB Gretvėja
NFD957,UAB Gretvėja
NFD956,UAB Gretvėja
NFD949,UAB Gretvėja
NFD677,UAB Gretvėja
NFD671,UAB Gretvėja
NFD613,UAB Gretvėja
NFA583,UAB Gretvėja
NFA579,UAB Gretvėja
NFA576,UAB Gretvėja
NFA573,UAB Gretvėja
NFA572,UAB Gretvėja
NFA570,UAB Gretvėja
NFA563,UAB Gretvėja
NFA491,UAB Gretvėja
NFA489,UAB Gretvėja
NFA481,UAB Gretvėja
NFA480,UAB Gretvėja
NFA478,UAB Gretvėja
NFA471,UAB Gretvėja
NFA469,UAB Gretvėja
NFA259,UAB Gretvėja
NFA254,UAB Gretvėja
NFA253,UAB Gretvėja
NFA230,UAB Gretvėja
NFA226,UAB Gretvėja
NFA223,UAB Gretvėja
NFA207,UAB Gretvėja
NFA203,UAB Gretvėja
NFA195,UAB Gretvėja
NDK355,UAB Gretvėja
NCY932,UAB Gretvėja
NCY926,UAB Gretvėja
NCJ311,UAB Gretvėja
NCJ309,UAB Gretvėja
NCJ308,UAB Gretvėja
NCJ307,UAB Gretvėja
NCJ305,UAB Gretvėja
NCJ304,UAB Gretvėja
NCH860,UAB Gretvėja
NCH853,UAB Gretvėja
NCH847,UAB Gretvėja
NCH846,UAB Gretvėja
NCH446,UAB Gretvėja
NCH443,UAB Gretvėja
NCH442,UAB Gretvėja
NCH438,UAB Gretvėja
NCH436,UAB Gretvėja
NCG514,UAB Gretvėja
NCB174,UAB Gretvėja
NCB147,UAB Gretvėja
NCB096,UAB Gretvėja
NCB095,UAB Gretvėja
NCA758,UAB Gretvėja
NCA726,UAB Gretvėja
NCA723,UAB Gretvėja
NCA672,UAB Gretvėja
NCA670,UAB Gretvėja
NCA327,UAB Gretvėja
NCA298,UAB Gretvėja
NCA288,UAB Gretvėja
NCA280,UAB Gretvėja
NCA279,UAB Gretvėja
NBS182,UAB Gretvėja
NBS174,UAB Gretvėja
NBS168,UAB Gretvėja
NBS160,UAB Gretvėja
NBS138,UAB Gretvėja
NBS134,UAB Gretvėja
NBR422,UAB Gretvėja
NBR409,UAB Gretvėja
NBR401,UAB Gretvėja
NBR386,UAB Gretvėja
NBN218,UAB Gretvėja
NBM424,UAB Gretvėja
NBM423,UAB Gretvėja
NBK904,UAB Gretvėja
NBK899,UAB Gretvėja
NBK894,UAB Gretvėja
NBK890,UAB Gretvėja
NBF801,UAB Gretvėja
NBF794,UAB Gretvėja
NBF786,UAB Gretvėja
NBF782,UAB Gretvėja
NBF736,UAB Gretvėja
NAR576,UAB Gretvėja
NAR574,UAB Gretvėja
NAR570,UAB Gretvėja
NAR564,UAB Gretvėja
NAR558,UAB Gretvėja
NAR554,UAB Gretvėja
NAR548,UAB Gretvėja
NAR541,UAB Gretvėja
NAR531,UAB Gretvėja
NAR514,UAB Gretvėja
MZK393,UAB Gretvėja
MZK391,UAB Gretvėja
MZK293,UAB Gretvėja
MVI182,UAB Gretvėja
MVI174,UAB Gretvėja
MVI172,UAB Gretvėja
MVI168,UAB Gretvėja
MVI165,UAB Gretvėja
MVI164,UAB Gretvėja
MVI159,UAB Gretvėja
MVI157,UAB Gretvėja
MVI154,UAB Gretvėja
MVI148,UAB Gretvėja
MVI147,UAB Gretvėja
MVI143,UAB Gretvėja
MVI137,UAB Gretvėja
MVI132,UAB Gretvėja
MVI106,UAB Gretvėja
MVI079,UAB Gretvėja
MVI075,UAB Gretvėja
MUI324,UAB Gretvėja
MUI297,UAB Gretvėja
MUE617,UAB Gretvėja
MUE616,UAB Gretvėja
MUE614,UAB Gretvėja
MUE612,UAB Gretvėja
MUE609,UAB Gretvėja
MUE602,UAB Gretvėja
MUE601,UAB Gretvėja
MTZ464,UAB Gretvėja
MTZ463,UAB Gretvėja
MTZ460,UAB Gretvėja
MTF198,UAB Gretvėja
MTF197,UAB Gretvėja
MTF196,UAB Gretvėja
MTF195,UAB Gretvėja
MTF194,UAB Gretvėja
MTD607,UAB Gretvėja
MTD603,UAB Gretvėja
MTD568,UAB Gretvėja
MTD564,UAB Gretvėja
MTD560,UAB Gretvėja
MTD556,UAB Gretvėja
MTD554,UAB Gretvėja
MTD546,UAB Gretvėja
MTD543,UAB Gretvėja
MTD539,UAB Gretvėja
MTC562,UAB Gretvėja
MTC561,UAB Gretvėja
MTC560,UAB Gretvėja
MTC559,UAB Gretvėja
MTC558,UAB Gretvėja
MSZ812,UAB Gretvėja
MSZ804,UAB Gretvėja
MSZ792,UAB Gretvėja
MSZ754,UAB Gretvėja
MSZ750,UAB Gretvėja
MSZ729,UAB Gretvėja
MSY348,UAB Gretvėja
MSV812,UAB Gretvėja
MST418,UAB Gretvėja
MST410,UAB Gretvėja
MST407,UAB Gretvėja
MST406,UAB Gretvėja
MST396,UAB Gretvėja
MST391,UAB Gretvėja
MST384,UAB Gretvėja
MST374,UAB Gretvėja
MNB173,UAB Gretvėja
MMI364,UAB Gretvėja
MMI363,UAB Gretvėja
MMI360,UAB Gretvėja
MMI269,UAB Gretvėja
MLF919,UAB Gretvėja
MLF916,UAB Gretvėja
MLF915,UAB Gretvėja
MLA092,Parme Trans
MIVG999,"Gretveja, DE"
MIVG904,"Gretveja, DE"
MIVG903,"Gretveja, DE"
MIVG902,"Gretveja, DE"
MIVG901,"Gretveja, DE"
MIVG44,"Gretveja, DE"
MIVG404,"Gretveja, DE"
MIVG311,"Gretveja, DE"
MIVG310,"Gretveja, DE"
MIVG309,"Gretveja, DE"
MIVG307,"Gretveja, DE"
MIVG306,"Gretveja, DE"
MIVG305,"Gretveja, DE"
MIVG304,"Gretveja, DE"
MIVG303,"Gretveja, DE"
MIVG302,"Gretveja, DE"
MIVG301,"Gretveja, DE"
MIVG134,"Gretveja, DE"
MIVG133,"Gretveja, DE"
MIVG132,"Gretveja, DE"
MIVG131,"Gretveja, DE"
MIVG130,"Gretveja, DE"
MIVG129,"Gretveja, DE"
MIVG127,"Gretveja, DE"
MIVG126,"Gretveja, DE"
MIVG125,"Gretveja, DE"
MIVG124,"Gretveja, DE"
MIVG123,"Gretveja, DE"
MIVG122,"Gretveja, DE"
MIVG121,"Gretveja, DE"
MIVG120,"Gretveja, DE"
MIVG119,"Gretveja, DE"
MIVG118,"Gretveja, DE"
MIVG116,"Gretveja, DE"
MIVG115,"Gretveja, DE"
MIVG114,"Gretveja, DE"
MIVG1104,"Gretveja, DE"
MIVG1103,"Gretveja, DE"
MIVG1102,"Gretveja, DE"
MIVG1101,"Gretveja, DE"
MIVG1100,"Gretveja, DE"
MIVG1000,"Gretveja, DE"
MIVG100,"Gretveja, DE"
MHL571,UAB Gretvėja
MHE024,UAB Gretvėja
MET977,UAB Gretvėja
MET290,UAB Gretvėja
MEB197,UAB Gretvėja
MEB196,UAB Gretvėja
MDZ485,UAB Gretvėja
MDZ481,UAB Gretvėja
MDZ479,UAB Gretvėja
MDZ413,UAB Gretvėja
MDZ412,UAB Gretvėja
MDZ259,UAB Gretvėja
MDZ256,UAB Gretvėja
MDZ245,UAB Gretvėja
MDZ242,UAB Gretvėja
MDY785,UAB Gretvėja
MDU158,UAB Gretvėja
MCK726,Parme Trans
MCK714,Parme Trans
MCK710,Parme Trans
MBZ990,UAB Gretvėja
MBZ989,UAB Gretvėja
MBL394,UAB Gretvėja
MBL390,UAB Gretvėja
MBL389,UAB Gretvėja
MBL388,UAB Gretvėja
MBL387,UAB Gretvėja
MAN129,UAB Gretvėja
LZU132,UAB Gretvėja
LZF234,UAB Gretvėja
LZF233,UAB Gretvėja
LZF230,UAB Gretvėja
LUF835,UAB Gretvėja
LUF833,UAB Gretvėja
LUF832,UAB Gretvėja
LUF829,UAB Gretvėja
LTL961,UAB Gretvėja
LTL958,UAB Gretvėja
LTL957,UAB Gretvėja
LTL956,UAB Gretvėja
LTL955,UAB Gretvėja
LTD554,UAB Gretvėja
LTD553,UAB Gretvėja
LTD552,UAB Gretvėja
LTD549,UAB Gretvėja
LTD546,UAB Gretvėja
LTD544,UAB Gretvėja
LTA140,UAB Gretvėja
LTA139,UAB Gretvėja
LTA138,UAB Gretvėja
LTA137,UAB Gretvėja
LTA136,UAB Gretvėja
LSI419,UAB Gretvėja
LSI418,UAB Gretvėja
LSI417,UAB Gretvėja
LSI415,UAB Gretvėja
LSI410,UAB Gretvėja
LRO417,Parme Trans
LRF280,UAB Gretvėja
LPK051,Parme Trans
LPJ195,UAB Gretvėja
LPJ172,Parme Trans
LPJ129,UAB Gretvėja
LPJ128,UAB Gretvėja
LPJ127,Parme Trans
LPJ126,UAB Gretvėja
LON988,Parme Trans
LON986,UAB Gretvėja
LON985,Parme Trans
LON495,UAB Gretvėja
LON494,UAB Gretvėja
LOI485,UAB Gretvėja
LOI483,Parme Trans
LOI481,Parme Trans
LOI479,UAB Gretvėja
LOI478,UAB Gretvėja
LOI476,Parme Trans
LOI473,UAB Gretvėja
LOI471,Parme Trans
LOI468,UAB Gretvėja
LOI467,UAB Gretvėja
LOI291,UAB Gretvėja
LOI289,Parme Trans
LOI285,Parme Trans
LOI283,UAB Gretvėja
LOI279,UAB Gretvėja
LOI087,Parme Trans
LOI085,UAB Gretvėja
LOI081,UAB Gretvėja
LOI078,Parme Trans
LNT676,UAB Gretvėja
LLI957,UAB Gretvėja
LLI953,UAB Gretvėja
LLI949,Parme Trans
LLI946,Parme Trans
LJV523,UAB Gretvėja
LJV522,Parme Trans
LJV512,Parme Trans
LJN538,UAB Gretvėja
LJN537,UAB Gretvėja
LJN536,Parme Trans
LJN361,Parme Trans
LJN357,Parme Trans
LJN353,Parme Trans
LJN349,UAB Gretvėja
LJN337,Parme Trans
LJN329,Parme Trans
LJN324,Parme Trans
LJN316,Parme Trans
LJN311,UAB Gretvėja
LJN309,Parme Trans
LFD533,UAB Gretvėja
BS2079C,Gwind
NFE882,UAB Gretvėja
LJN377,Parme Trans
NGI394,UAB Gretvėja
NGI395,UAB Gretvėja
NGI397,UAB Gretvėja
NGI402,UAB Gretvėja
NGI396,UAB Gretvėja
NGI391,UAB Gretvėja
NGI398,UAB Gretvėja
NGI383,UAB Gretvėja
NGI385,UAB Gretvėja
NGI388,UAB Gretvėja
MVI064,UAB Gretvėja
NHD562,UAB Gretvėja
NHD552,UAB Gretvėja
NHD549,UAB Gretvėja
NHD558,UAB Gretvėja
NHD551,UAB Gretvėja
NHD559,UAB Gretvėja
NHD564,UAB Gretvėja
NHD563,UAB Gretvėja
NHD623,UAB Gretvėja
NHD624,UAB Gretvėja
NHD625,UAB Gretvėja
NHD622,UAB Gretvėja
NHD680,UAB Gretvėja
NHD675,UAB Gretvėja
NHD671,UAB Gretvėja
NHD683,UAB Gretvėja
NHD685,UAB Gretvėja
NHD672,UAB Gretvėja
NHD708,UAB Gretvėja
NHD697,UAB Gretvėja
NCO632,UAB Gretvėja